C,epsilon,gamma,kernel
444,0.469314118,0.861085284,linear
